SFO,LAS,6:50p,8:26p,100,66
ATL,MCO,10:18p,11:45p,101,93
ATL,MCO,11:49a,1:15p,102,93
SFO,LAS,11:00p,12:29a,103,94
SFO,LAS,5:20p,6:50p,104,94
SFO,LAS,6:00a,7:35a,105,94
SFO,LAS,7:20a,8:53a,106,94
SFO,LAS,7:50p,9:26p,107,94
LAX,LAS,3:29p,4:36p,108,95
LAX,LAS,6:10a,7:18a,109,95
ATL,MCO,11:15p,12:38a,110,96
LAX,LAS,6:55a,8:16a,111,96
LAX,LAS,7:05p,8:25p,112,96
LAX,LAS,9:45p,11:02p,113,96
MCO,ATL,5:45a,7:22a,114,96
ORD,LAS,8:55p,10:58p,115,96
LAX,LAS,10:35p,11:47p,116,100
LAX,LAS,10:40p,11:58p,117,100
LAX,LAS,5:20p,6:20p,118,100
LAX,LAS,7:25p,8:25p,119,100
LAX,LAS,7:40p,8:58p,120,100
DFW,PHX,11:20p,11:47p,121,101
ORD,DFW,9:08p,11:36p,122,101
PHX,DFW,12:52a,5:00a,123,101
SFO,LAS,1:37p,3:15p,124,104
MCO,ATL,7:00a,8:38a,125,105
SFO,LAS,1:35p,3:05p,126,106
SFO,LAS,11:35a,1:05p,127,106
SFO,LAS,12:45p,2:15p,128,106
SFO,LAS,7:05p,8:35p,129,106
SFO,LAS,9:00a,10:30a,130,106
SFO,LAS,10:06p,11:35p,131,114
SFO,LAS,7:05p,8:41p,132,114
SFO,LAS,8:00a,9:35a,133,114
ATL,LAS,10:32p,11:53p,134,116
ATL,LAS,7:05p,8:35p,135,116
DFW,ORD,4:26p,6:52p,136,116
DFW,ORD,6:10a,8:35a,137,116
ORD,LAS,10:50p,12:44a,138,116
SEA,LAX,8:17p,11:10p,139,116
SEA,LAX,9:25p,11:55p,140,116
LAX,SEA,5:55p,8:30p,141,120
MCO,ATL,8:30p,10:03p,142,120
ORD,LAS,2:55p,4:46p,143,121
ORD,LAS,7:50a,9:43a,144,121
SEA,LAS,3:42p,6:09p,145,121
SEA,LAS,6:25a,8:54a,146,121
LAX,LAS,12:46p,2:02p,147,125
LAX,LAS,12:50p,1:50p,148,125
LAX,LAS,8:19a,9:34a,149,125
LAX,LAS,8:20a,9:43a,150,125
LAX,LAS,9:45a,11:09a,151,125
LAX,SEA,5:55p,8:38p,152,125
LAX,SEA,6:00a,8:46a,153,125
LAX,SEA,7:50a,10:41a,154,125
LAX,SEA,7:51p,10:45p,155,125
ATL,MCO,11:30p,12:58a,156,126
ATL,MCO,2:06p,3:40p,157,126
ATL,MCO,8:00p,9:31p,158,126
ATL,MCO,8:58p,10:30p,159,126
DFW,ORD,10:10p,12:31a,160,126
DFW,ORD,8:46p,11:09p,161,126
LAS,SFO,3:55p,5:25p,162,126
SEA,LAX,5:00a,7:40a,163,126
SEA,LAX,6:05a,8:45a,164,126
SEA,LAX,8:25p,10:55p,165,126
SEA,LAX,1:44p,4:35p,166,128
SEA,LAX,12:18p,3:00p,167,128
SEA,LAX,4:20p,6:53p,168,128
SEA,LAX,4:48p,7:35p,169,128
SEA,LAX,5:45p,8:24p,170,128
SEA,LAX,6:21p,9:05p,171,128
SEA,LAX,6:55p,9:39p,172,128
LAX,SEA,11:20p,1:59a,173,130
LAX,LAS,5:50p,7:13p,174,131
LAX,SEA,7:00a,9:50a,175,132
MCO,ATL,2:15p,3:51p,176,135
SEA,LAS,6:10a,8:30a,177,135
SEA,LAS,6:25p,8:55p,178,135
SEA,LAS,6:35p,8:58p,179,135
SEA,LAS,7:00a,9:25a,180,135
SEA,LAS,7:45a,10:22a,181,135
SEA,LAS,9:20p,11:38p,182,135
LAS,LAX,8:31p,9:50p,183,136
LAX,SEA,1:10p,4:05p,184,142
LAX,SEA,10:05a,1:00p,185,142
LAX,SEA,5:10p,8:09p,186,142
SEA,LAX,10:35a,1:15p,187,142
SEA,LAX,11:05a,2:03p,188,142
SEA,LAX,2:40p,5:16p,189,142
SEA,LAX,3:18p,6:10p,190,142
SEA,LAX,6:40a,9:25a,191,142
SEA,LAX,7:05a,9:45a,192,142
SEA,LAX,8:05a,10:55a,193,142
SEA,LAX,8:06a,10:55a,194,142
SEA,LAX,9:00a,11:44a,195,142
SEA,LAX,9:43a,12:30p,196,142
MCO,ATL,1:21p,2:55p,197,143
ORD,DFW,10:10p,12:27a,198,144
ORD,DFW,5:20a,7:39a,199,144
IAD,BOS,6:46p,8:20p,200,146
LAS,SFO,7:42p,9:16p,201,146
LAX,LAS,11:05a,12:33p,202,146
LAX,PHX,10:55a,12:25p,203,146
LAX,PHX,12:35p,2:14p,204,146
LAX,PHX,5:40p,7:29p,205,146
LAX,PHX,6:00a,7:38a,206,146
LAX,PHX,7:00p,8:26p,207,146
LAX,SEA,10:25a,1:05p,208,146
LAX,SEA,3:45p,6:25p,209,146
LAX,SEA,4:25p,7:05p,210,146
LAX,SEA,5:25p,8:10p,211,146
LAX,SEA,6:00a,8:50a,212,146
LAX,SEA,6:45p,9:35p,213,146
LAX,SEA,7:40p,10:20p,214,146
LAX,SEA,8:15a,11:05a,215,146
PHX,LAX,6:11p,7:43p,216,146
ATL,MCO,10:20p,11:50p,217,149
ATL,MCO,4:55p,6:27p,218,149
LAX,LAS,11:10a,12:29p,219,150
LAX,LAS,4:55p,6:12p,220,150
PHX,LAX,1:05p,2:40p,221,150
PHX,LAX,1:43p,3:19p,222,150
PHX,LAX,10:20a,12:05p,223,150
PHX,LAX,4:38p,6:20p,224,150
PHX,LAX,5:12p,6:43p,225,150
PHX,LAX,7:20a,8:59a,226,150
SEA,LAS,4:40p,7:00p,227,150
LAS,LAX,1:26p,2:39p,228,151
LAX,SEA,10:25a,1:05p,229,151
LAX,SEA,11:20p,1:59a,230,151
LAX,SEA,6:00a,8:50a,231,151
LAX,SEA,7:00a,9:50a,232,151
LAX,SEA,7:40p,10:20p,233,151
ORD,DFW,9:09a,11:35a,234,151
SEA,LAX,5:00a,7:40a,235,151
SEA,LAX,6:05a,8:45a,236,151
SEA,LAX,7:05a,9:45a,237,151
SEA,LAX,8:25p,10:55p,238,151
SEA,LAX,9:25p,11:55p,239,151
LAX,LAS,1:10p,2:30p,240,152
LAX,LAS,4:15p,5:35p,241,152
SFO,LAS,12:07p,1:46p,242,152
SFO,LAS,9:50a,11:30a,243,152
LAX,SEA,4:47p,7:37p,244,153
MCO,ATL,4:35p,6:17p,245,153
MCO,ATL,5:20p,7:00p,246,153
MCO,ATL,7:25p,9:06p,247,153
SEA,LAX,11:11a,2:12p,248,153
SEA,LAX,2:30p,5:28p,249,153
SEA,LAX,5:36p,8:30p,250,153
SEA,LAX,6:10a,9:08a,251,153
LAX,SEA,5:25p,8:10p,252,155
LAX,SEA,8:15a,11:05a,253,155
SEA,LAS,3:05p,5:38p,254,155
LAX,SEA,2:45p,5:41p,255,156
LAX,SEA,3:50p,6:43p,256,156
LAX,SEA,6:00a,8:58a,257,156
LAX,SEA,6:50p,9:48p,258,156
LAX,SEA,8:15p,11:07p,259,156
PHX,LAX,1:00p,2:35p,260,156
ATL,MCO,6:00p,7:34p,261,159
ATL,MCO,6:55a,8:19a,262,159
ATL,MCO,7:55a,9:17a,263,159
BOS,IAD,6:20a,7:56a,264,160
LAS,LAX,2:40p,3:45p,265,161
LAS,LAX,5:25p,6:30p,266,161
LAS,LAX,7:20p,8:30p,267,161
LAS,LAX,9:48p,11:09p,268,161
ORD,LAS,5:05p,6:59p,269,161
ORD,LAS,7:50p,9:48p,270,161
SEA,LAX,10:35a,1:15p,271,161
SEA,LAX,12:00p,2:39p,272,161
SEA,LAX,4:20p,6:53p,273,161
SEA,LAX,5:45p,8:24p,274,161
SEA,LAX,6:55p,9:39p,275,161
SEA,LAX,8:05a,10:55a,276,161
SEA,LAX,9:00a,11:44a,277,161
LAS,SFO,4:25p,6:04p,278,162
BOS,IAD,5:50a,7:28a,279,164
IAD,BOS,10:35p,12:12a,280,164
IAD,BOS,12:30p,2:02p,281,164
IAD,BOS,5:05p,6:48p,282,164
JFK,PIT,9:35a,11:00a,283,164
LAX,SEA,3:05p,5:35p,284,164
LAX,SEA,7:35a,10:15a,285,164
PIT,JFK,11:30a,12:44p,286,164
PIT,JFK,11:35a,12:57p,287,164
PIT,JFK,4:30p,5:50p,288,164
PIT,JFK,5:45a,7:03a,289,164
PIT,JFK,6:55p,8:30p,290,164
PIT,JFK,8:03p,9:24p,291,164
LAS,SFO,7:40p,9:17p,292,165
LAS,SFO,8:50p,10:25p,293,165
LAX,SEA,1:15p,3:54p,294,165
LAX,SEA,12:25p,3:05p,295,165
LAX,SEA,2:45p,5:25p,296,165
SEA,LAS,8:45a,11:10a,297,165
SEA,LAS,9:45a,12:10p,298,165
IAD,DFW,6:59p,9:15p,299,166
SEA,LAX,9:18p,11:59p,300,166
SEA,LAX,9:35a,12:14p,301,166
SEA,LAX,11:00a,1:30p,302,167
SFO,LAS,4:05p,5:43p,303,169
DFW,PHX,10:20p,10:56p,304,170
DFW,PHX,5:30p,6:05p,305,170
DFW,PHX,6:10a,6:41a,306,170
DFW,PHX,7:20a,7:56a,307,170
DFW,PHX,8:25p,9:00p,308,170
PHX,DFW,4:45p,9:07p,309,170
PHX,DFW,5:21a,9:42a,310,170
PHX,DFW,6:55p,11:23p,311,170
PHX,DFW,9:55p,2:14a,312,170
LAS,LAX,6:13p,7:35p,313,171
LAX,LAS,9:30a,10:47a,314,171
LAS,SFO,11:08a,12:47p,315,174
LAX,PHX,7:57a,9:29a,316,176
LAX,PHX,9:40p,11:11p,317,176
SEA,LAS,11:45a,2:10p,318,178
LAX,SEA,1:15p,3:54p,319,179
LAX,SEA,12:25p,3:05p,320,179
LAX,SEA,2:45p,5:25p,321,179
LAX,SEA,3:45p,6:25p,322,179
LAX,SEA,4:25p,7:05p,323,179
LAX,SEA,6:45p,9:35p,324,179
DFW,PHX,1:10p,1:44p,325,180
DFW,PHX,6:40p,7:21p,326,180
PHX,DFW,1:15p,5:35p,327,180
PHX,DFW,10:45a,3:12p,328,180
PHX,DFW,12:16p,4:42p,329,180
PHX,DFW,3:00p,7:23p,330,180
PHX,DFW,6:45a,11:07a,331,180
PHX,DFW,7:40a,12:07p,332,180
PHX,LAX,7:21a,8:50a,333,180
IAD,BOS,2:14p,3:55p,334,181
LAX,SEA,11:35a,2:33p,335,181
LAX,SEA,8:25a,11:24a,336,181
SEA,LAX,8:28p,11:10p,337,181
LAS,SFO,1:25p,3:07p,338,182
LAS,SFO,2:42p,4:18p,339,182
LAS,SFO,6:45p,8:22p,340,182
LAX,SEA,4:47p,7:37p,341,182
ORD,DFW,10:45p,1:12a,342,182
ORD,DFW,8:25a,10:49a,343,182
DFW,ORD,1:37p,4:00p,344,184
DFW,ORD,2:15p,4:45p,345,184
DFW,ORD,5:35p,7:59p,346,184
DFW,ORD,5:50p,8:14p,347,184
DFW,ORD,6:25p,8:48p,348,184
DFW,ORD,7:00p,9:25p,349,184
DFW,ORD,7:20a,9:48a,350,184
DFW,ORD,7:25p,9:55p,351,184
DFW,ORD,8:30p,10:48p,352,184
JFK,PIT,9:00p,10:35p,353,184
IAD,BOS,8:26a,9:59a,354,185
SEA,LAX,12:00p,2:39p,355,185
SEA,LAX,2:40p,5:16p,356,185
LAS,LAX,11:49a,1:09p,357,186
LAS,LAX,6:12a,7:28a,358,186
LAS,LAX,6:57p,8:24p,359,186
SEA,LAX,11:11a,2:12p,360,188
SEA,LAX,2:30p,5:28p,361,188
SEA,LAX,5:36p,8:30p,362,188
SEA,LAX,6:10a,9:08a,363,188
SEA,LAX,8:17p,11:10p,364,188
LAS,SFO,1:05p,2:35p,365,189
LAS,SFO,11:15a,12:50p,366,189
LAS,SFO,6:50a,8:15a,367,189
LAS,SEA,9:25p,11:59p,368,190
ATL,LAS,7:03a,8:27a,369,191
IAD,BOS,8:35a,10:04a,370,191
MCO,ATL,10:20a,11:51a,371,192
MCO,ATL,11:20a,12:55p,372,192
MCO,ATL,5:20a,6:49a,373,192
MCO,ATL,6:20a,7:54a,374,192
MCO,ATL,7:50a,9:25a,375,192
MCO,ATL,8:21a,9:55a,376,192
MCO,ATL,9:20a,10:51a,377,192
BOS,IAD,8:52a,10:27a,378,195
BOS,IAD,9:40a,11:19a,379,195
LAS,SEA,9:50p,12:18a,380,196
ATL,MCO,10:55a,12:26p,381,198
ATL,MCO,11:55a,1:20p,382,198
ATL,MCO,12:55p,2:25p,383,198
ATL,MCO,2:55p,4:25p,384,198
ATL,MCO,3:55p,5:24p,385,198
ATL,MCO,7:00p,8:36p,386,198
DFW,PHX,12:20p,12:57p,387,198
DFW,PHX,8:40a,9:23a,388,198
LAX,PHX,10:00a,11:44a,389,198
LAX,PHX,10:26p,11:55p,390,198
LAX,PHX,10:42a,12:13p,391,198
LAX,PHX,11:20a,12:59p,392,198
LAX,PHX,4:04p,5:36p,393,198
LAX,PHX,4:20p,5:59p,394,198
LAX,PHX,7:30p,9:06p,395,198
PHX,LAX,8:00a,9:35a,396,198
LAX,LAS,3:15p,4:42p,397,200
LAX,LAS,3:35p,4:40p,398,200
LAS,LAX,7:55a,9:05a,399,201
LAX,SEA,11:05a,1:59p,400,201
LAX,SEA,2:15p,5:06p,401,201
ORD,LAS,7:20a,9:10a,402,201
PHX,LAX,1:43p,3:19p,403,202
PHX,LAX,3:45p,5:19p,404,202
PHX,LAX,5:12p,6:43p,405,202
PHX,LAX,7:20a,8:59a,406,202
PHX,LAX,8:40a,10:29a,407,202
SEA,LAX,6:25p,8:55p,408,202
SEA,LAX,7:05a,9:40a,409,202
BOS,IAD,4:26p,6:10p,410,205
LAX,SEA,3:15p,6:05p,411,205
LAX,SEA,8:52a,11:50a,412,205
SEA,LAS,11:20a,1:55p,413,205
BOS,IAD,7:40p,9:20p,414,207
DFW,IAD,5:00p,9:10p,415,207
DFW,IAD,7:25a,11:29a,416,207
LAS,LAX,1:14p,2:35p,417,207
LAS,LAX,10:23a,11:47a,418,207
LAS,LAX,3:01p,4:20p,419,207
LAX,PHX,10:00a,11:44a,420,208
LAX,PHX,12:35p,2:14p,421,208
LAX,PHX,4:20p,5:59p,422,208
LAX,PHX,5:40p,7:29p,423,208
LAX,PHX,6:00a,7:38a,424,208
LAX,PHX,7:30p,9:06p,425,208
JFK,PIT,10:40p,11:55p,426,209
JFK,PIT,5:59p,7:27p,427,209
JFK,PIT,9:30a,10:53a,428,209
SEA,LAX,12:35p,3:26p,429,210
SEA,LAX,6:47p,9:32p,430,210
LAS,LAX,6:15p,7:37p,431,211
LAS,LAX,7:23a,8:33a,432,211
LAS,SFO,1:50p,3:20p,433,211
LAS,SFO,3:00p,4:30p,434,211
LAS,SFO,7:40p,9:10p,435,211
DFW,ORD,12:20p,2:46p,436,212
DFW,ORD,12:25p,2:45p,437,212
DFW,ORD,2:55p,5:23p,438,212
DFW,ORD,3:40p,6:03p,439,212
DFW,ORD,3:40p,6:10p,440,212
SFO,LAS,1:45p,3:24p,441,213
IAD,DFW,11:40a,1:56p,442,214
IAD,DFW,3:11p,5:31p,443,214
IAD,DFW,7:00a,9:17a,444,214
LAX,SEA,11:05a,1:59p,445,215
LAX,SEA,2:15p,5:06p,446,215
LAX,SEA,7:50a,10:41a,447,215
LAX,SEA,7:51p,10:45p,448,215
ATL,LAS,4:30p,6:02p,449,216
ATL,LAS,6:14p,7:42p,450,216
ATL,LAS,8:00p,9:28p,451,216
ATL,LAS,9:41p,11:11p,452,216
JFK,PIT,2:28p,3:53p,453,219
DFW,PHX,11:00a,11:39a,454,220
DFW,PHX,3:00p,3:36p,455,220
LAX,LAS,1:10p,2:33p,456,220
MCO,ATL,3:20p,4:59p,457,220
MCO,ATL,7:20a,8:59a,458,220
PHX,DFW,8:58a,1:32p,459,220
ORD,LAS,8:00a,9:50a,460,221
DFW,ORD,10:00a,12:33p,461,222
DFW,ORD,11:10a,1:37p,462,222
DFW,ORD,5:15a,7:35a,463,222
LAX,PHX,11:20a,12:59p,464,222
DFW,IAD,6:55p,10:53p,465,224
DFW,IAD,7:05a,10:57a,466,224
ATL,MCO,8:55a,10:22a,467,226
ATL,MCO,9:50a,11:21a,468,226
LAS,LAX,7:13p,8:32p,469,226
LAS,ORD,10:50p,4:22a,470,228
LAS,SEA,6:45a,9:20a,471,229
LAS,SEA,12:15p,2:52p,472,230
ORD,DFW,7:10a,9:34a,473,232
ORD,DFW,8:15p,10:42p,474,232
LAS,LAX,2:42p,4:04p,475,236
LAS,LAX,5:12p,6:40p,476,236
LAS,LAX,6:28a,7:40a,477,236
LAS,LAX,7:22p,8:55p,478,236
IAD,DFW,5:35p,7:55p,479,237
ORD,SFO,10:55p,1:24a,480,239
LAS,SEA,6:30p,9:11p,481,240
LAS,SEA,7:35a,10:16a,482,240
LAS,SFO,10:30a,12:14p,483,243
LAS,SFO,11:20a,1:03p,484,243
LAS,SFO,12:20p,2:00p,485,243
LAS,SFO,4:15p,5:52p,486,243
SFO,ORD,11:59p,6:08a,487,243
SFO,ORD,4:40p,10:55p,488,243
SFO,ORD,5:00a,11:10a,489,243
BOS,IAD,2:20p,4:03p,490,246
LAS,ATL,9:45p,4:42a,491,246
ORD,SFO,1:39p,4:18p,492,251
ORD,SFO,8:25p,10:58p,493,251
LAS,ORD,12:40a,6:15a,494,253
LAX,PHX,2:35p,4:08p,495,253
ORD,DFW,5:30p,8:08p,496,253
ORD,DFW,7:20p,9:52p,497,253
LAS,SEA,7:50p,10:24p,498,255
LAS,LAX,8:48a,10:15a,499,256
LAS,ORD,5:50p,11:25p,500,258
LAS,LAX,10:09a,11:25a,501,260
LAS,SFO,6:00a,7:37a,502,260
MCO,ATL,12:20p,2:00p,503,261
MCO,ATL,2:20p,3:57p,504,261
MCO,ATL,6:20p,8:05p,505,261
ORD,LAS,10:10a,11:58a,506,263
ORD,LAS,12:35p,2:27p,507,263
ORD,LAS,4:20p,6:18p,508,263
SFO,ORD,12:32a,6:43a,509,264
ORD,SFO,7:20p,9:47p,510,265
PHX,LAX,6:15p,7:55p,511,267
LAS,SEA,9:20a,11:55a,512,268
DFW,ORD,10:15a,12:35p,513,272
DFW,IAD,10:30a,2:26p,514,275
PIT,ORD,2:00p,2:52p,515,277
PIT,ORD,5:30p,6:23p,516,277
PIT,ORD,7:05a,7:58a,517,277
LAS,ORD,7:02a,12:40p,518,278
SFO,ORD,4:15p,10:20p,519,278
SFO,ORD,7:10a,1:15p,520,278
SFO,ORD,1:50p,8:09p,521,280
SFO,ORD,10:40p,4:46a,522,280
SFO,ORD,11:20p,5:15a,523,280
SFO,ORD,12:45p,7:03p,524,280
SFO,ORD,3:19p,9:35p,525,280
SFO,ORD,4:00p,10:16p,526,280
SFO,ORD,5:30p,11:36p,527,280
SFO,ORD,6:00a,12:04p,528,280
LAS,SEA,11:29a,2:15p,529,282
LAS,SEA,3:08p,5:53p,530,282
JFK,PIT,4:40p,6:19p,531,284
PIT,JFK,5:53a,7:25a,532,284
ATL,LAS,1:55p,3:22p,533,288
ATL,LAS,9:44a,11:09a,534,288
LAS,ORD,8:25a,2:03p,535,288
LAS,SEA,1:00p,3:34p,536,288
LAS,SEA,11:00a,1:39p,537,288
SFO,ORD,10:33a,4:54p,538,288
SFO,ORD,2:35p,8:53p,539,288
SFO,ORD,7:00a,1:15p,540,288
SFO,ORD,9:15a,3:38p,541,288
SFO,ORD,7:00a,1:18p,542,290
SFO,ORD,8:20a,2:29p,543,290
DFW,IAD,11:45a,3:53p,544,291
LAS,ATL,8:20a,3:21p,545,292
IAD,DFW,12:30p,2:54p,546,295
SEA,BOS,11:15p,7:26a,547,296
SEA,BOS,12:00p,8:29p,548,296
SEA,BOS,11:10p,7:20a,549,304
SEA,BOS,3:40p,11:59p,550,304
LAS,SFO,8:00a,9:53a,551,306
DFW,IAD,2:27p,6:19p,552,307
ORD,DFW,3:50p,6:31p,553,309
ORD,DFW,6:50a,9:21a,554,309
ORD,DFW,9:00a,11:33a,555,309
LAS,ORD,11:20p,4:48a,556,311
LAS,ORD,3:25p,9:10p,557,311
LAS,ORD,11:20a,5:01p,558,315
LAS,ORD,3:19p,9:00p,559,315
LAS,ORD,9:55a,3:34p,560,315
SFO,LAS,10:50a,12:30p,561,315
LAS,ATL,8:10a,3:00p,562,316
LAS,LAX,1:03p,2:35p,563,316
LAS,LAX,11:11a,12:30p,564,316
ORD,SFO,10:25a,12:54p,565,316
ORD,SFO,12:20p,2:54p,566,316
ORD,SFO,3:25p,6:00p,567,316
ORD,SFO,5:10p,7:47p,568,316
ORD,SFO,7:10a,9:42a,569,316
LAS,ATL,3:25p,10:22p,570,318
LAS,ATL,6:00a,12:50p,571,318
ORD,LAS,9:30a,11:20a,572,318
ORD,DFW,1:21p,3:50p,573,320
ORD,DFW,10:22a,12:44p,574,320
ORD,DFW,11:45a,2:13p,575,320
ORD,DFW,2:25p,4:50p,576,320
ORD,DFW,3:00p,5:31p,577,320
ORD,DFW,4:49p,7:17p,578,320
ORD,DFW,5:30p,7:54p,579,320
ORD,DFW,6:25p,8:53p,580,320
ORD,DFW,6:54p,9:25p,581,320
ORD,DFW,9:36a,11:58a,582,320
LAS,SEA,3:05p,5:44p,583,325
ATL,LAS,11:02a,12:32p,584,328
ATL,LAS,8:15a,9:43a,585,328
ORD,SFO,1:00p,3:41p,586,330
ORD,SFO,1:39p,4:18p,587,330
ORD,SFO,10:03a,12:44p,588,330
ORD,SFO,10:25a,12:54p,589,330
ORD,SFO,12:20p,2:54p,590,330
ORD,SFO,2:10p,4:50p,591,330
ORD,SFO,2:30p,5:12p,592,330
ORD,SFO,3:25p,6:00p,593,330
ORD,SFO,3:50p,6:19p,594,330
ORD,SFO,4:45p,7:24p,595,330
ORD,SFO,5:10p,7:47p,596,330
ORD,SFO,5:47p,8:25p,597,330
ORD,SFO,6:05a,8:48a,598,330
ORD,SFO,6:55p,9:35p,599,330
ORD,SFO,7:20a,10:00a,600,330
ORD,SFO,8:00a,10:35a,601,330
ORD,SFO,8:25a,11:06a,602,330
ORD,SFO,8:25p,10:58p,603,330
ORD,SFO,9:10a,11:38a,604,330
SEA,BOS,11:10p,7:20a,605,331
SEA,BOS,3:40p,11:59p,606,331
ATL,JFK,10:30a,12:45p,607,336
ATL,JFK,12:15p,2:36p,608,336
JFK,ATL,3:25p,6:02p,609,336
ORD,LAS,12:20p,2:26p,610,342
IAD,DFW,8:35a,10:59a,611,344
ORD,PIT,12:10p,2:52p,612,344
ORD,PIT,8:40a,11:20a,613,344
PIT,ORD,6:05p,7:04p,614,344
ORD,SFO,10:40a,1:09p,615,349
ORD,SFO,12:15p,2:52p,616,349
LAS,ATL,1:27p,8:30p,617,353
LAS,ATL,11:45p,6:31a,618,353
LAS,ATL,7:00a,1:56p,619,353
SFO,ORD,11:45a,5:55p,620,353
SFO,ORD,10:40a,4:50p,621,355
SFO,ORD,11:35a,5:59p,622,355
SFO,ORD,9:50a,4:09p,623,355
SEA,BOS,11:05a,7:24p,624,357
SFO,ORD,11:59p,6:08a,625,357
SFO,ORD,5:00a,11:10a,626,357
DFW,ORD,6:50a,9:11a,627,360
DFW,ORD,7:30a,9:54a,628,360
DFW,ORD,9:05a,11:34a,629,360
SFO,ORD,10:33a,4:54p,630,360
SFO,ORD,2:35p,8:53p,631,360
SFO,ORD,4:40p,10:55p,632,360
SFO,ORD,7:00a,1:15p,633,360
SFO,ORD,9:15a,3:38p,634,360
LAS,ORD,1:55p,7:40p,635,366
LAS,ORD,12:24p,5:59p,636,366
LAS,ORD,6:55a,12:35p,637,366
ORD,SFO,7:10a,9:42a,638,376
ATL,JFK,2:13p,4:34p,639,381
ATL,JFK,3:10p,5:35p,640,381
ATL,JFK,5:50p,8:15p,641,381
ATL,JFK,8:10a,10:24a,642,381
ATL,JFK,9:05p,11:33p,643,381
JFK,ATL,1:35p,4:05p,644,381
JFK,ATL,11:25a,1:52p,645,381
JFK,ATL,6:15a,8:43a,646,381
JFK,ATL,7:25p,10:06p,647,381
JFK,ATL,8:40a,11:17a,648,381
ORD,PIT,2:55p,5:28p,649,383
ORD,PIT,7:00p,9:42p,650,383
PIT,ORD,11:53a,12:45p,651,383
BOS,SEA,7:00a,10:15a,652,385
LAS,ORD,10:55a,4:29p,653,390
BOS,SEA,7:00a,10:15a,654,392
LAS,ATL,10:00a,4:58p,655,393
LAS,ATL,11:22a,6:22p,656,393
LAS,ATL,8:10a,3:07p,657,393
PHX,MCO,3:15p,10:25p,658,396
PHX,MCO,8:55a,4:16p,659,396
LAS,SEA,12:00p,2:35p,660,397
BOS,SEA,7:00a,10:14a,661,409
PHX,LAX,3:45p,5:19p,662,409
PHX,LAX,8:40a,10:29a,663,409
BOS,SEA,7:10a,10:29a,664,422
PIT,ORD,3:17p,4:14p,665,422
ORD,DFW,12:20p,3:03p,666,431
ORD,PIT,1:50p,4:35p,667,434
PIT,ORD,9:50a,10:44a,668,434
BOS,SEA,9:00a,12:15p,669,451
BOS,SEA,4:34p,7:50p,670,467
JFK,ATL,5:20p,7:55p,671,481
MCO,PHX,5:25p,7:00p,672,481
MCO,PHX,7:19a,9:01a,673,481
BOS,SEA,9:00a,12:15p,674,482
BOS,SEA,6:50p,10:10p,675,489
PIT,ORD,8:05a,9:01a,676,501
SEA,BOS,9:25a,5:49p,677,506
SEA,BOS,9:25a,5:49p,678,512
BOS,SEA,6:50p,10:10p,679,527
ATL,PIT,9:20p,11:33p,680,596
PIT,ATL,12:04p,2:20p,681,596
ATL,PIT,2:55p,5:00p,682,696
ATL,PIT,9:20a,11:23a,683,696
PIT,ATL,5:52p,8:11p,684,696
PIT,ATL,6:00a,8:14a,685,696
ORD,PIT,10:40a,1:25p,686,838
ORD,PIT,5:50p,8:33p,687,838
ORD,PIT,6:35a,9:20a,688,838